timestamp,region,pm25_one_hourly,psi_twenty_four_hourly,pm25_twenty_four_hourly,pm25_24h_source
2026-09-25T00:00:00+08:00,central,45,73,32,api
2026-09-25T00:00:00+08:00,east,34,72,30,api
2026-09-25T00:00:00+08:00,north,25,61,21,api
2026-09-25T00:00:00+08:00,south,19,62,22,api
2026-09-25T00:00:00+08:00,west,36,70,29,api
2026-09-25T01:00:00+08:00,central,39,73,31,api
2026-09-25T01:00:00+08:00,east,35,72,30,api
2026-09-25T01:00:00+08:00,north,23,61,21,api
2026-09-25T01:00:00+08:00,south,23,62,22,api
2026-09-25T01:00:00+08:00,west,40,70,29,api
2026-09-25T02:00:00+08:00,central,46,73,31,api
2026-09-25T02:00:00+08:00,east,31,71,30,api
2026-09-25T02:00:00+08:00,north,20,61,21,api
2026-09-25T02:00:00+08:00,south,20,62,22,api
2026-09-25T02:00:00+08:00,west,36,70,29,api
2026-09-25T03:00:00+08:00,central,40,72,31,api
2026-09-25T03:00:00+08:00,east,29,71,30,api
2026-09-25T03:00:00+08:00,north,19,61,21,api
2026-09-25T03:00:00+08:00,south,28,62,21,api
2026-09-25T03:00:00+08:00,west,41,70,29,api
2026-09-25T04:00:00+08:00,central,32,73,31,api
2026-09-25T04:00:00+08:00,east,27,70,29,api
2026-09-25T04:00:00+08:00,north,19,61,21,api
2026-09-25T04:00:00+08:00,south,21,61,21,api
2026-09-25T04:00:00+08:00,west,44,70,29,api
2026-09-25T05:00:00+08:00,central,41,73,31,api
2026-09-25T05:00:00+08:00,east,25,69,28,api
2026-09-25T05:00:00+08:00,north,25,61,21,api
2026-09-25T05:00:00+08:00,south,24,61,21,api
2026-09-25T05:00:00+08:00,west,43,70,29,api
2026-09-25T06:00:00+08:00,central,42,73,32,api
2026-09-25T06:00:00+08:00,east,36,70,29,api
2026-09-25T06:00:00+08:00,north,28,61,21,api
2026-09-25T06:00:00+08:00,south,24,61,21,api
2026-09-25T06:00:00+08:00,west,40,70,29,api
2026-09-25T07:00:00+08:00,central,42,73,32,api
2026-09-25T07:00:00+08:00,east,33,70,29,api
2026-09-25T07:00:00+08:00,north,24,61,21,api
2026-09-25T07:00:00+08:00,south,19,60,20,api
2026-09-25T07:00:00+08:00,west,36,70,29,api
2026-09-25T08:00:00+08:00,central,44,74,32,api
2026-09-25T08:00:00+08:00,east,26,69,28,api
2026-09-25T08:00:00+08:00,north,26,61,21,api
2026-09-25T08:00:00+08:00,south,17,60,20,api
2026-09-25T08:00:00+08:00,west,36,71,29,api
2026-09-25T09:00:00+08:00,central,39,75,33,api
2026-09-25T09:00:00+08:00,east,28,69,28,api
2026-09-25T09:00:00+08:00,north,28,61,21,api
2026-09-25T09:00:00+08:00,south,14,60,20,api
2026-09-25T09:00:00+08:00,west,37,72,30,api
2026-09-25T10:00:00+08:00,central,47,77,35,api
2026-09-25T10:00:00+08:00,east,27,70,29,api
2026-09-25T10:00:00+08:00,north,28,62,22,api
2026-09-25T10:00:00+08:00,south,20,61,21,api
2026-09-25T10:00:00+08:00,west,37,73,31,api
2026-09-25T11:00:00+08:00,central,36,78,36,api
2026-09-25T11:00:00+08:00,east,28,70,29,api
2026-09-25T11:00:00+08:00,north,31,63,23,api
2026-09-25T11:00:00+08:00,south,20,61,21,api
2026-09-25T11:00:00+08:00,west,45,74,32,api
2026-09-25T12:00:00+08:00,central,26,78,36,api
2026-09-25T12:00:00+08:00,east,25,70,29,api
2026-09-25T12:00:00+08:00,north,25,63,23,api
2026-09-25T12:00:00+08:00,south,20,61,21,api
2026-09-25T12:00:00+08:00,west,34,74,32,api
2026-09-25T13:00:00+08:00,central,35,78,36,api
2026-09-25T13:00:00+08:00,east,28,70,29,api
2026-09-25T13:00:00+08:00,north,18,64,23,api
2026-09-25T13:00:00+08:00,south,21,60,20,api
2026-09-25T13:00:00+08:00,west,23,72,31,api
2026-09-25T14:00:00+08:00,central,30,78,36,api
2026-09-25T14:00:00+08:00,east,29,70,29,api
2026-09-25T14:00:00+08:00,north,24,64,24,api
2026-09-25T14:00:00+08:00,south,21,60,20,api
2026-09-25T14:00:00+08:00,west,28,72,31,api
2026-09-25T15:00:00+08:00,central,35,78,36,api
2026-09-25T15:00:00+08:00,east,32,70,29,api
2026-09-25T15:00:00+08:00,north,23,64,24,api
2026-09-25T15:00:00+08:00,south,23,60,20,api
2026-09-25T15:00:00+08:00,west,33,73,32,api
2026-09-25T16:00:00+08:00,central,39,78,36,api
2026-09-25T16:00:00+08:00,east,29,70,29,api
2026-09-25T16:00:00+08:00,north,20,64,23,api
2026-09-25T16:00:00+08:00,south,17,60,20,api
2026-09-25T16:00:00+08:00,west,35,74,33,api
2026-09-25T17:00:00+08:00,central,36,79,37,api
2026-09-25T17:00:00+08:00,east,26,70,29,api
2026-09-25T17:00:00+08:00,north,24,64,24,api
2026-09-25T17:00:00+08:00,south,21,60,20,api
2026-09-25T17:00:00+08:00,west,45,76,34,api
2026-09-25T18:00:00+08:00,central,35,79,37,api
2026-09-25T18:00:00+08:00,east,27,70,29,api
2026-09-25T18:00:00+08:00,north,17,64,24,api
2026-09-25T18:00:00+08:00,south,28,61,21,api
2026-09-25T18:00:00+08:00,west,32,76,34,api
2026-09-25T19:00:00+08:00,central,43,80,38,api
2026-09-25T19:00:00+08:00,east,30,70,29,api
2026-09-25T19:00:00+08:00,north,9,64,23,api
2026-09-25T19:00:00+08:00,south,29,62,21,api
2026-09-25T19:00:00+08:00,west,28,76,34,api
2026-09-25T20:00:00+08:00,central,33,81,38,api
2026-09-25T20:00:00+08:00,east,24,70,29,api
2026-09-25T20:00:00+08:00,north,18,63,23,api
2026-09-25T20:00:00+08:00,south,25,62,22,api
2026-09-25T20:00:00+08:00,west,27,76,35,api
2026-09-25T21:00:00+08:00,central,36,81,39,api
2026-09-25T21:00:00+08:00,east,25,70,29,api
2026-09-25T21:00:00+08:00,north,27,63,23,api
2026-09-25T21:00:00+08:00,south,24,62,22,api
2026-09-25T21:00:00+08:00,west,28,77,35,api
2026-09-25T22:00:00+08:00,central,44,81,39,api
2026-09-25T22:00:00+08:00,east,31,70,29,api
2026-09-25T22:00:00+08:00,north,31,64,23,api
2026-09-25T22:00:00+08:00,south,36,63,22,api
2026-09-25T22:00:00+08:00,west,32,77,35,api
2026-09-25T23:00:00+08:00,central,43,81,39,api
2026-09-25T23:00:00+08:00,east,26,70,29,api
2026-09-25T23:00:00+08:00,north,27,64,23,api
2026-09-25T23:00:00+08:00,south,31,63,23,api
2026-09-25T23:00:00+08:00,west,36,77,35,api
2026-09-26T00:00:00+08:00,central,43,81,39,api
2026-09-26T00:00:00+08:00,east,29,70,29,api
2026-09-26T00:00:00+08:00,north,18,63,23,api
2026-09-26T00:00:00+08:00,south,27,63,23,api
2026-09-26T00:00:00+08:00,west,45,78,36,api
2026-09-26T01:00:00+08:00,central,42,81,39,api
2026-09-26T01:00:00+08:00,east,35,70,29,api
2026-09-26T01:00:00+08:00,north,17,63,23,api
2026-09-26T01:00:00+08:00,south,30,64,23,api
2026-09-26T01:00:00+08:00,west,39,78,36,api
2026-09-26T02:00:00+08:00,central,53,81,39,api
2026-09-26T02:00:00+08:00,east,42,70,29,api
2026-09-26T02:00:00+08:00,north,22,63,23,api
2026-09-26T02:00:00+08:00,south,35,65,24,api
2026-09-26T02:00:00+08:00,west,37,78,36,api
2026-09-26T03:00:00+08:00,central,58,82,40,api
2026-09-26T03:00:00+08:00,east,48,71,30,api
2026-09-26T03:00:00+08:00,north,23,63,23,api
2026-09-26T03:00:00+08:00,south,41,65,25,api
2026-09-26T03:00:00+08:00,west,43,78,36,api
2026-09-26T04:00:00+08:00,central,52,83,41,api
2026-09-26T04:00:00+08:00,east,41,72,30,api
2026-09-26T04:00:00+08:00,north,26,64,23,api
2026-09-26T04:00:00+08:00,south,36,66,25,api
2026-09-26T04:00:00+08:00,west,49,78,36,api
2026-09-26T05:00:00+08:00,central,56,84,41,api
2026-09-26T05:00:00+08:00,east,43,72,31,api
2026-09-26T05:00:00+08:00,north,31,64,23,api
2026-09-26T05:00:00+08:00,south,30,66,26,api
2026-09-26T05:00:00+08:00,west,49,79,36,api
2026-09-26T06:00:00+08:00,central,52,84,42,api
2026-09-26T06:00:00+08:00,east,34,72,31,api
2026-09-26T06:00:00+08:00,north,27,64,23,api
2026-09-26T06:00:00+08:00,south,29,66,26,api
2026-09-26T06:00:00+08:00,west,47,79,37,api
2026-09-26T07:00:00+08:00,central,45,85,42,api
2026-09-26T07:00:00+08:00,east,34,72,31,api
2026-09-26T07:00:00+08:00,north,26,64,24,api
2026-09-26T07:00:00+08:00,south,26,67,26,api
2026-09-26T07:00:00+08:00,west,39,79,37,api
2026-09-26T08:00:00+08:00,central,47,85,42,api
2026-09-26T08:00:00+08:00,east,33,73,31,api
2026-09-26T08:00:00+08:00,north,29,64,24,api
2026-09-26T08:00:00+08:00,south,26,67,26,api
2026-09-26T08:00:00+08:00,west,40,79,37,api
2026-09-26T09:00:00+08:00,central,44,85,42,api
2026-09-26T09:00:00+08:00,east,33,73,32,api
2026-09-26T09:00:00+08:00,north,26,64,24,api
2026-09-26T09:00:00+08:00,south,28,68,27,api
2026-09-26T09:00:00+08:00,west,40,79,37,api
2026-09-26T10:00:00+08:00,central,43,85,42,api
2026-09-26T10:00:00+08:00,east,40,74,32,api
2026-09-26T10:00:00+08:00,north,27,64,24,api
2026-09-26T10:00:00+08:00,south,27,68,27,api
2026-09-26T10:00:00+08:00,west,45,80,37,api
2026-09-26T11:00:00+08:00,central,47,85,42,api
2026-09-26T11:00:00+08:00,east,42,74,33,api
2026-09-26T11:00:00+08:00,north,29,64,23,api
2026-09-26T11:00:00+08:00,south,31,69,28,api
2026-09-26T11:00:00+08:00,west,47,80,38,api
2026-09-26T12:00:00+08:00,central,57,87,44,api
2026-09-26T12:00:00+08:00,east,45,75,34,api
2026-09-26T12:00:00+08:00,north,30,64,24,api
2026-09-26T12:00:00+08:00,south,38,69,28,api
2026-09-26T12:00:00+08:00,west,38,80,38,api
2026-09-26T13:00:00+08:00,central,59,88,45,api
2026-09-26T13:00:00+08:00,east,48,76,34,api
2026-09-26T13:00:00+08:00,north,38,65,25,api
2026-09-26T13:00:00+08:00,south,36,70,29,api
2026-09-26T13:00:00+08:00,west,35,81,38,api
2026-09-26T14:00:00+08:00,central,55,89,46,api
2026-09-26T14:00:00+08:00,east,61,78,36,api
2026-09-26T14:00:00+08:00,north,51,66,26,api
2026-09-26T14:00:00+08:00,south,36,71,30,api
2026-09-26T14:00:00+08:00,west,44,81,39,api
2026-09-26T15:00:00+08:00,central,72,91,47,api
2026-09-26T15:00:00+08:00,east,64,79,37,api
2026-09-26T15:00:00+08:00,north,47,67,27,api
2026-09-26T15:00:00+08:00,south,34,71,30,api
2026-09-26T15:00:00+08:00,west,52,82,40,api
2026-09-26T16:00:00+08:00,central,65,92,48,api
2026-09-26T16:00:00+08:00,east,58,81,38,api
2026-09-26T16:00:00+08:00,north,43,69,28,api
2026-09-26T16:00:00+08:00,south,30,72,31,api
2026-09-26T16:00:00+08:00,west,47,83,40,api
2026-09-26T17:00:00+08:00,central,66,93,50,api
2026-09-26T17:00:00+08:00,east,65,82,40,api
2026-09-26T17:00:00+08:00,north,40,69,28,api
2026-09-26T17:00:00+08:00,south,39,73,31,api
2026-09-26T17:00:00+08:00,west,43,83,40,api
2026-09-26T18:00:00+08:00,central,96,96,52,api
2026-09-26T18:00:00+08:00,east,76,85,42,api
2026-09-26T18:00:00+08:00,north,46,71,29,api
2026-09-26T18:00:00+08:00,south,54,74,33,api
2026-09-26T18:00:00+08:00,west,48,83,41,api
2026-09-26T19:00:00+08:00,central,109,100,55,api
2026-09-26T19:00:00+08:00,east,77,87,44,api
2026-09-26T19:00:00+08:00,north,56,73,31,api
2026-09-26T19:00:00+08:00,south,60,76,34,api
2026-09-26T19:00:00+08:00,west,68,85,42,api
2026-09-26T20:00:00+08:00,central,110,104,58,api
2026-09-26T20:00:00+08:00,east,88,90,47,api
2026-09-26T20:00:00+08:00,north,50,74,33,api
2026-09-26T20:00:00+08:00,south,67,78,36,api
2026-09-26T20:00:00+08:00,west,82,88,45,api
2026-09-26T21:00:00+08:00,central,131,108,62,api
2026-09-26T21:00:00+08:00,east,96,93,50,api
2026-09-26T21:00:00+08:00,north,69,76,35,api
2026-09-26T21:00:00+08:00,south,87,80,38,api
2026-09-26T21:00:00+08:00,west,93,91,47,api
2026-09-26T22:00:00+08:00,central,124,111,65,api
2026-09-26T22:00:00+08:00,east,93,96,52,api
2026-09-26T22:00:00+08:00,north,72,78,36,api
2026-09-26T22:00:00+08:00,south,79,83,40,api
2026-09-26T22:00:00+08:00,west,99,94,50,api
2026-09-26T23:00:00+08:00,central,124,115,69,api
2026-09-26T23:00:00+08:00,east,93,99,55,api
2026-09-26T23:00:00+08:00,north,64,80,38,api
2026-09-26T23:00:00+08:00,south,70,84,42,api
2026-09-26T23:00:00+08:00,west,96,97,53,api
2026-09-27T00:00:00+08:00,central,133,119,73,api
2026-09-27T00:00:00+08:00,east,95,103,58,api
2026-09-27T00:00:00+08:00,national,90.0,98.0,53.8,derived_national_mean
2026-09-27T00:00:00+08:00,north,67,82,40,api
2026-09-27T00:00:00+08:00,south,76,87,44,api
2026-09-27T00:00:00+08:00,west,79,99,54,api
2026-09-27T02:00:00+08:00,central,127,126,79,api
2026-09-27T02:00:00+08:00,east,105,109,63,api
2026-09-27T02:00:00+08:00,national,92.2,103.6,58.4,derived_national_mean
2026-09-27T02:00:00+08:00,north,72,87,44,api
2026-09-27T02:00:00+08:00,south,84,92,48,api
2026-09-27T02:00:00+08:00,west,73,104,58,api
2026-09-27T05:00:00+08:00,central,52,127,81,api
2026-09-27T05:00:00+08:00,east,53,113,67,api
2026-09-27T05:00:00+08:00,national,46.8,105.8,60.6,derived_national_mean
2026-09-27T05:00:00+08:00,north,30,90,46,api
2026-09-27T05:00:00+08:00,south,38,94,50,api
2026-09-27T05:00:00+08:00,west,61,105,59,api
